{
	"calibDataSource": "j:\/calibration\/170915_calib_rawData\/full\/output_norm",
	"cameras": [
		{
			"name": "00_00",
			"type": "hd",
			"resolution": [1920,1080],
			"panel": 0,
			"node": 0,
			"K": [
				[1633.42,0,942.452],
				[0,1628.99,558.779],
				[0,0,1]
			],
			"distCoef": [-0.219848,0.184021,7.58067e-05,0.000738442,0.0493357],
			"R": [
				[0.1517180366,0.03362055307,-0.9878518592],
				[-0.09098515049,0.9956531555,0.01991221778],
				[0.9842272805,0.08685880749,0.1541175129]
			],
			"t": [
				[19.09414458],
				[126.7323693],
				[288.9351303]
			]
		},
		{
			"name": "00_03",
			"type": "hd",
			"resolution": [1920,1080],
			"panel": 0,
			"node": 3,
			"K": [
				[1395.82,0,949.62],
				[0,1392.21,565.72],
				[0,0,1]
			],
			"distCoef": [-0.284563,0.174762,-0.000154002,5.55625e-05,-0.0408034],
			"R": [
				[-0.6331621791,-0.02851017097,0.7734939076],
				[0.07295192644,0.9926748029,0.09630551493],
				[-0.7705735989,0.1174048803,-0.6264442694]
			],
			"t": [
				[-16.10509159],
				[118.3098207],
				[283.699136]
			]
		}
	]
}
